{
  "results": [
    {
      "command": "parsing/color_1m",
      "mean": 0.6981585528,
      "stddev": null,
      "median": 0.6981585528,
      "user": 0.37774135999999997,
      "system": 0.19998354,
      "min": 0.6981585528,
      "max": 0.6981585528,
      "times": [
        0.6981585528
      ],
      "exit_codes": [
        0
      ]
    },
    {
      "command": "parsing/block_1m",
      "mean": 1.1490109178,
      "stddev": null,
      "median": 1.1490109178,
      "user": 0.5733893600000001,
      "system": 0.45287353999999996,
      "min": 1.1490109178,
      "max": 1.1490109178,
      "times": [
        1.1490109178
      ],
      "exit_codes": [
        0
      ]
    },
    {
      "command": "parsing/word_1m",
      "mean": 0.5994727778000001,
      "stddev": null,
      "median": 0.5994727778000001,
      "user": 0.22788536,
      "system": 0.24547854,
      "min": 0.5994727778000001,
      "max": 0.5994727778000001,
      "times": [
        0.5994727778000001
      ],
      "exit_codes": [
        0
      ]
    },
    {
      "command": "parsing/string_1m",
      "mean": 0.6669501758,
      "stddev": null,
      "median": 0.6669501758,
      "user": 0.28003135999999995,
      "system": 0.25495054,
      "min": 0.6669501758,
      "max": 0.6669501758,
      "times": [
        0.6669501758
      ],
      "exit_codes": [
        0
      ]
    }
  ]
}
