{
    "filesize": 6676616,
    "commit": "972410c27",
    "cloc": {
        "header": {
            "cloc_url": "github.com/AlDanial/cloc",
            "cloc_version": "1.82",
            "elapsed_seconds": 0.125824928283691,
            "n_files": 94,
            "n_lines": 33923,
            "files_per_second": 747.069768146919,
            "lines_per_second": 269604.763243063
        },
        "Nim": {
            "nFiles": 89,
            "blank": 4328,
            "comment": 10630,
            "code": 18429
        },
        "Arturo": {
            "nFiles": 4,
            "blank": 95,
            "comment": 47,
            "code": 361
        },
        "JavaScript": {
            "nFiles": 1,
            "blank": 3,
            "comment": 8,
            "code": 22
        },
        "SUM": {
            "blank": 4426,
            "comment": 10685,
            "code": 18812,
            "nFiles": 94
        }
    },
    "totals": {
        "micro": {
            "time": 66.37408010320657,
            "tests": 74
        },
        "macro": {
            "time": 22.26159269959525,
            "tests": 462
        }
    }
}