{
    "filesize": 8183296,
    "commit": "d446875f5",
    "cloc": {
        "header": {
            "cloc_url": "github.com/AlDanial/cloc",
            "cloc_version": "1.82",
            "elapsed_seconds": 0.08811616897583011,
            "n_files": 81,
            "n_lines": 28600,
            "files_per_second": 919.241053503109,
            "lines_per_second": 324571.532471468
        },
        "Nim": {
            "nFiles": 76,
            "blank": 3527,
            "comment": 6720,
            "code": 17817
        },
        "Arturo": {
            "nFiles": 4,
            "blank": 95,
            "comment": 47,
            "code": 361
        },
        "JavaScript": {
            "nFiles": 1,
            "blank": 3,
            "comment": 8,
            "code": 22
        },
        "SUM": {
            "blank": 3625,
            "comment": 6775,
            "code": 18200,
            "nFiles": 81
        }
    },
    "totals": {
        "micro": {
            "time": 89.20102523311996,
            "tests": 74
        },
        "macro": {
            "time": 64.16688850831999,
            "tests": 457
        }
    }
}