{
    "filesize": 8297008,
    "commit": "615875c80",
    "cloc": {
        "header": {
            "cloc_url": "github.com/AlDanial/cloc",
            "cloc_version": "1.82",
            "elapsed_seconds": 0.08138704299926761,
            "n_files": 81,
            "n_lines": 27615,
            "files_per_second": 995.244415019832,
            "lines_per_second": 339304.623713243
        },
        "Nim": {
            "nFiles": 76,
            "blank": 3381,
            "comment": 6617,
            "code": 17081
        },
        "Arturo": {
            "nFiles": 4,
            "blank": 95,
            "comment": 47,
            "code": 361
        },
        "JavaScript": {
            "nFiles": 1,
            "blank": 3,
            "comment": 8,
            "code": 22
        },
        "SUM": {
            "blank": 3479,
            "comment": 6672,
            "code": 17464,
            "nFiles": 81
        }
    },
    "totals": {
        "micro": {
            "time": 130.19385053912,
            "tests": 74
        },
        "macro": {
            "time": 93.65319644445995,
            "tests": 457
        }
    }
}