{
  "results": [
    {
      "command": "scripts/parsing/floating_100k.art",
      "mean": 3.40756903072,
      "stddev": 0.10092766468749274,
      "median": 3.3754416262199998,
      "user": 3.3688773899999997,
      "system": 0.03692477999999999,
      "min": 3.32619652472,
      "max": 3.55319634572,
      "times": [
        3.55319634572,
        3.32619652472,
        3.3936904707199997,
        3.35719278172
      ],
      "exit_codes": [
        0,
        0,
        0,
        0
      ]
    }
  ]
}
