{
    "filesize": 6639752,
    "commit": "638f821e7",
    "cloc": {
        "header": {
            "cloc_url": "github.com/AlDanial/cloc",
            "cloc_version": "1.82",
            "elapsed_seconds": 0.109178066253662,
            "n_files": 93,
            "n_lines": 33188,
            "files_per_second": 851.819446810183,
            "lines_per_second": 303980.47097566
        },
        "Nim": {
            "nFiles": 88,
            "blank": 4195,
            "comment": 10445,
            "code": 18012
        },
        "Arturo": {
            "nFiles": 4,
            "blank": 95,
            "comment": 47,
            "code": 361
        },
        "JavaScript": {
            "nFiles": 1,
            "blank": 3,
            "comment": 8,
            "code": 22
        },
        "SUM": {
            "blank": 4293,
            "comment": 10500,
            "code": 18395,
            "nFiles": 93
        }
    },
    "totals": {
        "micro": {
            "time": 60.6506340738479,
            "tests": 74
        },
        "macro": {
            "time": 19.15285014747631,
            "tests": 460
        }
    }
}