{
    "filesize": 6672520,
    "commit": "7d21f4f71",
    "cloc": {
        "header": {
            "cloc_url": "github.com/AlDanial/cloc",
            "cloc_version": "1.82",
            "elapsed_seconds": 0.0946569442749023,
            "n_files": 94,
            "n_lines": 33744,
            "files_per_second": 993.059735025943,
            "lines_per_second": 356487.315943781
        },
        "Nim": {
            "nFiles": 89,
            "blank": 4308,
            "comment": 10539,
            "code": 18361
        },
        "Arturo": {
            "nFiles": 4,
            "blank": 95,
            "comment": 47,
            "code": 361
        },
        "JavaScript": {
            "nFiles": 1,
            "blank": 3,
            "comment": 8,
            "code": 22
        },
        "SUM": {
            "blank": 4406,
            "comment": 10594,
            "code": 18744,
            "nFiles": 94
        }
    },
    "totals": {
        "micro": {
            "time": 44.99733483598316,
            "tests": 74
        },
        "macro": {
            "time": 16.32964930588226,
            "tests": 462
        }
    }
}